SN,ID
PF24VSBY,HAWAI-T1
PF24W5NP,HAWAI-T2
PF24YXT2,HAWAI-T3
PF24XZM2,HAWAI-E1
PF24XQX1,HAWAI-E2
PF24XGSD,HAWAI-E3
PF24YY2R,2IDKR-T1
PF24XBDM,2IDKR-E1
PF24XGW2,2IDKR-E2
PF24XJN1,2IDKR-E3
PF24YYYS,8ARKR-T1
PF24Y3MK,8ARKR-E1
PF24Y56R,8ARKR-E2
PF24YZ1H,ABDPG-T1
PF24YZVC,7ATC-T1
PF24VF4C,7ATC-T2
PF24Y787,7ATC-E1
PF24YVYC,7ATC-E2
PF24Y3PR,7ATC-E3
PF24VF55,BELVR-T1
PF24YKM8,BENNG-T1
PF24XEV8,BENNG-E1
PF24XD83,BENNG-E2
PF24XSLZ,BENNG-E3
PF24VH2Q,BLISS-T1
PF24VH3J,BLISS-T2
PF24VH4E,BLISS-T3
PF24XXHV,BLISS-E1
PF24XJKW,BLISS-E2
PF24XBEA,BLISS-E3
PF24XQVD,BLISS-E4
PF24XLND,BLISS-E5
PF24YYDS,BRAGG-T1
PF24YBG2,BRAGG-T2
PF24YZRW,BRAGG-T3
PF24YYFD,BRAGG-T4
PF24YKPV,BRAGG-T5
PF24YXC7,BRAGG-T6
PF24Y3NP,BRAGG-E1
PF24Y1M2,BRAGG-E2
PF24XVKM,BRAGG-E3
PF24XZJN,BRAGG-E4
PF24XVLD,BRAGG-E5
PF24XER4,BRAGG-E6
PF24Y1N0,BRAGG-E7
PF24VF0V,CAMPB-T1
PF24YYNF,CAMPB-T2
PF24XGTD,CAMPB-E1
PF24XQYF,CAMPB-E2
PF24XESY,CAMPB-E3
PF24X9F9,CAMPB-E4
PF24Y9B2,CARSN-T1
PF24YYEL,CARSN-T2
PF24XLLX,CARSN-E1
PF24VF2C,CARSN-E2
PF24XJM7,CARSN-E3
PF24XLMJ,CARSN-E4
PF24VK7G,DRUM-T1
PF24W3F4,DRUM-T2
PF24XJK3,DRUM-E1
PF24Y3PK,DRUM-E2
PF24XNPV,DRUM-E3
PF24XSMJ,DRUM-E4
PF24WDW6,19ESC-T1
PF24X7FL,EUSTS-T1
PF24VV5R,GORDN-T1
PF24Y985,HUACH-T1
PF24YZHR,HOOD-T1
PF24VXNH,HOOD-T2
PF24YZH1,HOOD-T3
PF24YYCW,HOOD-T4
PF24YY37,HOOD-T5
PF24XNM5,HOOD-E1
PF24Y3L2,HOOD-E2
PF24Y7BB,HOOD-E3
PF24XXLZ,HOOD-E4
PF24XGRP,HOOD-E5
PF24XD5D,HOOD-E6
PF24XES0,HOOD-E7
PF24YHL9,IRWIN-T1
PF24YDPQ,OTJAG-E1
PF24XSL8,TJAGL-E1
PF24YZK1,TJAGL-T2
PF24YZW9,TJAGL-T3
PF24YZJF,TJAGL-T4
PF24VK6N,TJAGL-T5
PF24Z051,TJAGL-T6
PF24YHHY,TJAGL-T7
PF24VK50,TJAGL-T8
PF24YZ94,TJAGL-T9
PF24YZAT,TJAGL-T10
PF24Z05P,TJAGL-T11
PF24YZLJ,TJAGL-T12
PF24YXWW,TJAGL-T13
PF24VF1G,TJAGL-T14
PF24Z03G,TJAGL-T15
PF24YFFK,JACKS-T1
PF24YXB5,JBLM-T1
PF24YXV6,JBLM-T2
PF24YYPB,JBLM-T3
PF24Y997,JBLM-T4
PF24YHN9,JBLM-T5
PF24YXJP,JBLM-T6
PF24YXKN,JBLM-T7
PF24Y1P2,JBLM-E1
PF24XD7D,JBLM-E2
PF24Y3LS,JBLM-E3
PF24XJP3,JBLM-E4
PF24YYQY,JBER-T1
PF24YX96,KNOX-T1
PF24YYG5,KNOX-T2
PF24YXLG,KNOX-T3
PF24XBF0,KNOX-E1
PF24Y588,KNOX-E2
PF24XLL6,KNOX-E3
PF24XZLE,KNOX-E4
PF24VK5Y,LEE-T1
PF24XQW8,LEE-E1
PF24YZ0H,LEOWD-T1
PF24Y7AL,LEOWD-E1
PF24YYRK,LVNWT-T1
PF24W70W,POLK-T1
PF24Y7C9,POLK-E1
PF24VK88,PRESD-T1
PF24YYZW,RILEY-T1
PF24YKN3,RILEY-T2
PF24YKNW,RILEY-T3
PF24XVN2,RILEY-E1
PF24XD8W,RILEY-E2
PF24XBCW,RILEY-E3
PF24XNQL,RILEY-E4
PF24YYQ1,RUCKR-T1
PF24YBEN,SETAF-T1
PF24YHM8,SILL-T1
PF24XNL8,SILL-E1
PF24XXL2,SILL-E2
PF24XBC8,SILL-E3
PF24Z02N,STWRT-T1
PF24YYY5,STWRT-T2
PF24YFEG,21TSC-T1
PF24YHK5,21TSC-T2
PF24YKQS,21TSC-T3
PF24YX87,21TSC-T4
PF24XQZ6,21TSC-E1
PF24XSKE,21TSC-E2
PF24XSPA,21TSC-E3
PF24YW3R,HAWAI-E4
PF24Y3KC,HAWAI-E5
PF24XJLJ,HAWAI-E6
PF24XGV0,HAWAI-E7
PF24VH12,WAINW-T1
PF24YXW4,WESTP-T1
PF24YXA8,ZAMAJ-T1
PF24VV4Y,BRAGG-T7
PF24YY6B,STWRT-T3
PF24XLK7,STWRT-E1
PF24XXK1,STWRT-E2
PF24XZMZ,STWRT-E3
PF24XSN9,STWRT-E4
PF24VF3M,JBSA-T1
PF24YZ9X,JBSA-T2
PF24XD6P,JBSA-E1
PF24Y799,JBSA-E2
PF24XEWA,JBSA-E3
PF24YZGH,LEE-T2
7JL4R53,SIMON-PC
MJ0E15HL,DEXTGOOD
4120-4573-4558-3598-2766-2856-28,THANKGOD
90QBF33,KEITH-PC